{"schemaVersion":"1.0","appDefinitionTemplate":{"id":"/providers/Microsoft.PowerApps/apps/","type":"Microsoft.PowerApps/apps","tags":{"primaryDeviceWidth":"640","primaryDeviceHeight":"1136","supportsPortrait":"true","supportsLandscape":"true","primaryFormFactor":"Phone","publisherVersion":"3.22072.25","minimumRequiredApiVersion":"2.2.0","hasComponent":"false","hasUnlockedComponent":"false","isUnifiedRootApp":"false","sienaVersion":"20220731T124752Z-3.22073.7.0"},"properties":{"appVersion":"2022-07-31T12:47:52Z","lifeCycleId":"Published","createdByClientVersion":{"major":3,"minor":22072,"build":25,"revision":0,"majorRevision":0,"minorRevision":0},"minClientVersion":{"major":3,"minor":22072,"build":25,"revision":0,"majorRevision":0,"minorRevision":0},"backgroundColor":"RGBA(0,176,240,1)","backgroundImageUri":"/11835572860056362857/N6844a5a1-b90a-42e9-980a-a2affa6de2d7-logoSmallFile","displayName":"Power Apps Admin Center","description":"","commitMessage":"","appUris":{"documentUri":{"value":"/11835572860056362857/N1958e887-c052-4aa4-8428-503f7d47672e-document.msapp"},"imageUris":[],"additionalUris":[]},"createdTime":"0001-01-01T00:00:00Z","lastModifiedTime":"0001-01-01T00:00:00Z","sharedGroupsCount":0,"sharedUsersCount":0,"icons":{"smallIconUri":"/11835572860056362857/N30421e84-dadd-44b5-9a02-d05b2f0cfe75-small.png","mediumIconUri":"/11835572860056362857/N9fff972a-02b9-4fec-81fd-59fdda906d88-medium.png","largeIconUri":"/11835572860056362857/Ne4a5fc02-0356-4693-81d1-39a06433d751-large.png","wideIconUri":"/11835572860056362857/N26d6c9a9-f0e4-4c58-ba99-e2b196cfc17c-wide.png"},"connectionReferences":{"81b5156d-acd9-4e7f-9c22-a02f1f183b3d":{"id":"38c48627-b9ea-4bad-afd7-86a2e9ff9eb5","displayName":"Power Apps for Makers","iconUri":"https://connectoricons-prod.azureedge.net/releases/v1.0.1551/1.0.1551.2693/powerappsforappmakers/icon.png","dataSources":["PowerAppsforMakers"],"dependencies":[],"dependents":[],"parameterHints":{},"parameterHintsV2":{},"isOnPremiseConnection":false,"bypassConsent":false,"dataSets":{},"apiTier":"Standard","isCustomApiConnection":false},"2ec11e54-f2fb-454c-8cad-503b9c3b49cb":{"id":"4301c60b-f58d-4720-b0e5-426b32331252","displayName":"Power Apps for Admins","iconUri":"https://connectoricons-prod.azureedge.net/releases/v1.0.1566/1.0.1566.2741/powerappsforadmins/icon.png","dataSources":["PowerAppsforAdmins"],"dependencies":[],"dependents":[],"parameterHints":{},"parameterHintsV2":{},"isOnPremiseConnection":false,"bypassConsent":false,"dataSets":{},"apiTier":"Standard","isCustomApiConnection":false,"actions":["Get-AdminApps","Set-AdminAppOwner","Set-AppQuarantineState"]},"0efab2f9-bff0-4c7f-a54a-10f3021bc82c":{"id":"4f564636-8ec9-4240-8962-6de9d9f6a631","displayName":"Office 365 Users","iconUri":"https://connectoricons-prod.azureedge.net/releases/v1.0.1587/1.0.1587.2924/office365users/icon.png","dataSources":["Office365Users"],"dependencies":[],"dependents":[],"parameterHints":{},"parameterHintsV2":{},"isOnPremiseConnection":false,"bypassConsent":false,"dataSets":{},"apiTier":"Standard","isCustomApiConnection":false,"actions":["SearchUser"]},"8d941c64-8697-4bac-bdff-0b30206e94bf":{"id":"78f73f09-a195-46d3-a55d-94c20e94c9df","displayName":"Power Platform for Admins","iconUri":"https://connectoricons-prod.azureedge.net/releases/v1.0.1570/1.0.1570.2764/powerplatformforadmins/icon.png","dataSources":["PowerPlatformforAdmins"],"dependencies":[],"dependents":[],"parameterHints":{},"parameterHintsV2":{},"isOnPremiseConnection":false,"bypassConsent":false,"dataSets":{},"apiTier":"Standard","isCustomApiConnection":false,"actions":["Get-AdminEnvironment"]}},"databaseReferences":{},"almMode":"Environment","performanceOptimizationEnabled":true,"canConsumeAppPass":true,"executionRestrictions":{"isTeamsOnly":false,"dataLossPreventionEvaluationResult":{"status":"Compliant","lastEvaluationDate":"2022-07-09T14:24:55.6919077Z","violations":[],"violationsByPolicy":[],"violationErrorMessage":"The app uses the following connectors: shared_powerappsforappmakers."}}},"appType":"ClassicCanvasApp","appComponents":[]}}