{"schemaVersion":"1.0","appDefinitionTemplate":{"id":"/providers/Microsoft.PowerApps/apps/","type":"Microsoft.PowerApps/apps","tags":{"primaryDeviceWidth":"1366","primaryDeviceHeight":"768","supportsPortrait":"true","supportsLandscape":"true","primaryFormFactor":"Tablet","publisherVersion":"3.22074.11","minimumRequiredApiVersion":"2.2.0","hasComponent":"false","hasUnlockedComponent":"false","isUnifiedRootApp":"false","sienaVersion":"20220808T123719Z-3.22074.15.0"},"properties":{"appVersion":"2022-08-08T12:37:19Z","lifeCycleId":"Published","createdByClientVersion":{"major":3,"minor":22074,"build":11,"revision":0,"majorRevision":0,"minorRevision":0},"minClientVersion":{"major":3,"minor":22074,"build":11,"revision":0,"majorRevision":0,"minorRevision":0},"backgroundColor":"RGBA(0,176,240,1)","backgroundImageUri":"/5329119212435195802/Nbded4b33-d087-4b57-b7bf-ff57e5467d2f-logoSmallFile","displayName":"Power Apps Launcher","description":"This app will help users to get the list of Power Apps they have access. The connector has been used is PowerAppsforMaker. \n\nThe default Power Apps for Windows not giving few options like list all favourite app, App Description, Last access date and time, who is the Owner of the etc.","commitMessage":"","appUris":{"documentUri":{"value":"/5329119212435195802/N792ae304-8516-4913-9690-acd4b16659f9-document.msapp"},"imageUris":[],"additionalUris":[]},"createdTime":"0001-01-01T00:00:00Z","lastModifiedTime":"0001-01-01T00:00:00Z","sharedGroupsCount":0,"sharedUsersCount":0,"icons":{"smallIconUri":"/5329119212435195802/N53be591e-13b6-4b8d-adf4-252b1bb2d621-small.png","mediumIconUri":"/5329119212435195802/Nd0bf7f3c-d372-4705-a7cc-62382e6f3938-medium.png","largeIconUri":"/5329119212435195802/N4cc6cd20-decc-4785-ae67-a7483f5f08c7-large.png","wideIconUri":"/5329119212435195802/N68bb159a-0443-434c-99c0-3dd401657b3b-wide.png"},"connectionReferences":{"42ffe166-5c52-413a-8a6b-b888a3ad0cdd":{"id":"38c48627-b9ea-4bad-afd7-86a2e9ff9eb5","displayName":"Power Apps for Makers","iconUri":"https://connectoricons-prod.azureedge.net/releases/v1.0.1551/1.0.1551.2693/powerappsforappmakers/icon.png","dataSources":["PowerAppsforMakers"],"dependencies":[],"dependents":[],"parameterHints":{},"parameterHintsV2":{},"isOnPremiseConnection":false,"bypassConsent":false,"dataSets":{},"apiTier":"Standard","isCustomApiConnection":false,"actions":["Get-Environments","Get-Apps"]}},"databaseReferences":{},"almMode":"Environment","performanceOptimizationEnabled":true,"canConsumeAppPass":true,"executionRestrictions":{"isTeamsOnly":false,"dataLossPreventionEvaluationResult":{"status":"Compliant","lastEvaluationDate":"2022-08-02T02:33:14.7159071Z","violations":[],"violationsByPolicy":[],"violationErrorMessage":"The app uses the following connectors: shared_powerappsforappmakers."}}},"appType":"ClassicCanvasApp","appComponents":[]}}