{"schemaVersion":"1.0","appDefinitionTemplate":{"id":"/providers/Microsoft.PowerApps/apps/","type":"Microsoft.PowerApps/apps","tags":{"primaryDeviceWidth":"640","primaryDeviceHeight":"1136","sienaVersion":"20200902T145814Z-3.20084.9.0","deviceCapabilities":"","supportsPortrait":"true","supportsLandscape":"false","primaryFormFactor":"Phone","publisherVersion":"3.20084.9","minimumRequiredApiVersion":"2.2.0","hasComponent":"false","hasUnlockedComponent":"false","isUnifiedRootApp":"false"},"properties":{"appVersion":"2020-09-02T14:58:14Z","lifeCycleId":"Published","createdByClientVersion":{"major":3,"minor":20084,"build":9,"revision":0,"majorRevision":0,"minorRevision":0},"minClientVersion":{"major":3,"minor":20084,"build":9,"revision":0,"majorRevision":0,"minorRevision":0},"backgroundColor":"rgba(0, 176, 240, 1)","backgroundImageUri":"/16087887490390029316/N772e8abc-deea-41b1-b0a3-6d5d9be8caa3-logoSmallFile","displayName":"Cascading Dropdown App","description":"","commitMessage":"","appUris":{"documentUri":{"value":"/16087887490390029316/Nc0cd094a-d515-4d3f-8bae-abd5e6bbe332-document.msapp"},"imageUris":[]},"createdTime":"0001-01-01T00:00:00Z","lastModifiedTime":"0001-01-01T00:00:00Z","sharedGroupsCount":0,"sharedUsersCount":0,"icons":{"smallIconUri":"/16087887490390029316/N96ae36ac-8c9a-4c9b-8e88-58aee7f03158-small.png","mediumIconUri":"/16087887490390029316/Nc7425e8d-a584-4781-9613-b4f39231aabe-medium.png","largeIconUri":"/16087887490390029316/Nb08f838d-91fe-41e1-a909-51f52c22712e-large.png","wideIconUri":"/16087887490390029316/N825b9e98-729c-457f-9668-5881e3578537-wide.png"},"connectionReferences":{"93d66fbe-b3fc-4eb6-9281-f1d2a5481b4a":{"id":"3442614b-f3b0-45d7-be1e-38473aba3c2f","displayName":"SharePoint","iconUri":"https://connectoricons-prod.azureedge.net/releases/v1.0.1389/1.0.1389.2117/sharepointonline/icon.png","dataSources":["New List"],"dependencies":[],"dependents":[],"parameterHints":{},"isOnPremiseConnection":false,"bypassConsent":false,"dataSets":{"https://ewaiter5.sharepoint.com/":{"dataSources":{"New List":{"tableName":"e1399852-1d49-4acd-8eaf-9d0a2c28f740"}}}},"apiTier":"Standard","isCustomApiConnection":false}},"databaseReferences":{},"almMode":"Environment","performanceOptimizationEnabled":true,"canConsumeAppPass":true,"executionRestrictions":{"isTeamsOnly":false,"dataLossPreventionEvaluationResult":{"status":"Compliant","lastEvaluationDate":"2020-10-30T13:11:53.3533431Z","violationDetails":[]}}},"isAppComponentLibrary":false,"appType":"ClassicCanvasApp","appComponents":[]}}