{"schemaVersion":"1.0","appDefinitionTemplate":{"id":"/providers/Microsoft.PowerApps/apps/","type":"Microsoft.PowerApps/apps","tags":{"primaryDeviceWidth":"640","primaryDeviceHeight":"1136","supportsPortrait":"true","supportsLandscape":"true","primaryFormFactor":"Phone","publisherVersion":"3.22072.25","minimumRequiredApiVersion":"2.2.0","hasComponent":"false","hasUnlockedComponent":"false","isUnifiedRootApp":"false","sienaVersion":"20220723T024310Z-3.22072.25.0"},"properties":{"appVersion":"2022-07-23T02:43:10Z","lifeCycleId":"Published","createdByClientVersion":{"major":3,"minor":22072,"build":25,"revision":0,"majorRevision":0,"minorRevision":0},"minClientVersion":{"major":3,"minor":22072,"build":25,"revision":0,"majorRevision":0,"minorRevision":0},"backgroundColor":"RGBA(0,176,240,1)","backgroundImageUri":"/11835572860056362857/N008512d1-0707-4d17-b26b-f765510ac38c-logoSmallFile","displayName":"Power Apps Admin Center","description":"","commitMessage":"","appUris":{"documentUri":{"value":"/11835572860056362857/N725da71c-826f-4c85-aead-6b63b0490657-document.msapp"},"imageUris":[],"additionalUris":[]},"createdTime":"0001-01-01T00:00:00Z","lastModifiedTime":"0001-01-01T00:00:00Z","sharedGroupsCount":0,"sharedUsersCount":0,"icons":{"smallIconUri":"/11835572860056362857/Nbd5dba37-aab3-4dfe-aebc-5ea98ee911f7-small.png","mediumIconUri":"/11835572860056362857/N6c424535-e127-4e13-b7f6-47668a246064-medium.png","largeIconUri":"/11835572860056362857/N2adf6227-8905-415c-b973-b5fc5a936c42-large.png","wideIconUri":"/11835572860056362857/Nb5a0dd45-7e8f-432b-97a7-ad7a06116442-wide.png"},"connectionReferences":{"81b5156d-acd9-4e7f-9c22-a02f1f183b3d":{"id":"38c48627-b9ea-4bad-afd7-86a2e9ff9eb5","displayName":"Power Apps for Makers","iconUri":"https://connectoricons-prod.azureedge.net/releases/v1.0.1551/1.0.1551.2693/powerappsforappmakers/icon.png","dataSources":["PowerAppsforMakers"],"dependencies":[],"dependents":[],"parameterHints":{},"parameterHintsV2":{},"isOnPremiseConnection":false,"bypassConsent":false,"dataSets":{},"apiTier":"Standard","isCustomApiConnection":false},"2ec11e54-f2fb-454c-8cad-503b9c3b49cb":{"id":"4301c60b-f58d-4720-b0e5-426b32331252","displayName":"Power Apps for Admins","iconUri":"https://connectoricons-prod.azureedge.net/releases/v1.0.1566/1.0.1566.2741/powerappsforadmins/icon.png","dataSources":["PowerAppsforAdmins"],"dependencies":[],"dependents":[],"parameterHints":{},"parameterHintsV2":{},"isOnPremiseConnection":false,"bypassConsent":false,"dataSets":{},"apiTier":"Standard","isCustomApiConnection":false,"actions":["Get-AdminApps","Set-AdminAppOwner","Set-AppQuarantineState"]},"0efab2f9-bff0-4c7f-a54a-10f3021bc82c":{"id":"4f564636-8ec9-4240-8962-6de9d9f6a631","displayName":"Office 365 Users","iconUri":"https://connectoricons-prod.azureedge.net/releases/v1.0.1587/1.0.1587.2924/office365users/icon.png","dataSources":["Office365Users"],"dependencies":[],"dependents":[],"parameterHints":{},"parameterHintsV2":{},"isOnPremiseConnection":false,"bypassConsent":false,"dataSets":{},"apiTier":"Standard","isCustomApiConnection":false,"actions":["SearchUser"]},"8d941c64-8697-4bac-bdff-0b30206e94bf":{"id":"78f73f09-a195-46d3-a55d-94c20e94c9df","displayName":"Power Platform for Admins","iconUri":"https://connectoricons-prod.azureedge.net/releases/v1.0.1570/1.0.1570.2764/powerplatformforadmins/icon.png","dataSources":["PowerPlatformforAdmins"],"dependencies":[],"dependents":[],"parameterHints":{},"parameterHintsV2":{},"isOnPremiseConnection":false,"bypassConsent":false,"dataSets":{},"apiTier":"Standard","isCustomApiConnection":false,"actions":["Get-AdminEnvironment"]}},"databaseReferences":{},"almMode":"Environment","performanceOptimizationEnabled":true,"canConsumeAppPass":true,"executionRestrictions":{"isTeamsOnly":false,"dataLossPreventionEvaluationResult":{"status":"Compliant","lastEvaluationDate":"2022-07-09T14:24:55.6919077Z","violations":[],"violationsByPolicy":[],"violationErrorMessage":"The app uses the following connectors: shared_powerappsforappmakers."}}},"appType":"ClassicCanvasApp","appComponents":[]}}