{"schemaVersion":"1.0","appDefinitionTemplate":{"id":"/providers/Microsoft.PowerApps/apps/","type":"Microsoft.PowerApps/apps","tags":{"primaryDeviceWidth":"640","primaryDeviceHeight":"1136","supportsPortrait":"true","supportsLandscape":"true","primaryFormFactor":"Phone","publisherVersion":"3.22064.10","minimumRequiredApiVersion":"2.2.0","hasComponent":"false","hasUnlockedComponent":"false","isUnifiedRootApp":"false","sienaVersion":"20220714T154637Z-3.22064.10.0"},"properties":{"appVersion":"2022-07-14T15:46:37Z","lifeCycleId":"Published","createdByClientVersion":{"major":3,"minor":22064,"build":10,"revision":0,"majorRevision":0,"minorRevision":0},"minClientVersion":{"major":3,"minor":22064,"build":10,"revision":0,"majorRevision":0,"minorRevision":0},"backgroundColor":"RGBA(0,176,240,1)","backgroundImageUri":"/11835572860056362857/Ne0e9a911-432f-4ee0-adb0-a446e49d7c49-logoSmallFile","displayName":"Power Apps Admin Center","description":"","commitMessage":"","appUris":{"documentUri":{"value":"/11835572860056362857/N937e8d24-4d07-4f7d-b12a-128ef61edd3a-document.msapp"},"imageUris":[],"additionalUris":[]},"createdTime":"0001-01-01T00:00:00Z","lastModifiedTime":"0001-01-01T00:00:00Z","sharedGroupsCount":0,"sharedUsersCount":0,"icons":{"smallIconUri":"/11835572860056362857/N35885f4a-2ee9-4c9c-9763-08143d5f1a1e-small.png","mediumIconUri":"/11835572860056362857/N215d303c-c8c1-4860-b0cb-b81b76ddd1b6-medium.png","largeIconUri":"/11835572860056362857/N5b912036-906d-4a5b-afd4-1d80378b48f9-large.png","wideIconUri":"/11835572860056362857/N38a7e7f8-902f-434e-a12c-8c7a2d5d5264-wide.png"},"connectionReferences":{"81b5156d-acd9-4e7f-9c22-a02f1f183b3d":{"id":"38c48627-b9ea-4bad-afd7-86a2e9ff9eb5","displayName":"Power Apps for Makers","iconUri":"https://connectoricons-prod.azureedge.net/releases/v1.0.1551/1.0.1551.2693/powerappsforappmakers/icon.png","dataSources":["PowerAppsforMakers"],"dependencies":[],"dependents":[],"parameterHints":{},"parameterHintsV2":{},"isOnPremiseConnection":false,"bypassConsent":false,"dataSets":{},"apiTier":"Standard","isCustomApiConnection":false},"2ec11e54-f2fb-454c-8cad-503b9c3b49cb":{"id":"4301c60b-f58d-4720-b0e5-426b32331252","displayName":"Power Apps for Admins","iconUri":"https://connectoricons-prod.azureedge.net/releases/v1.0.1566/1.0.1566.2741/powerappsforadmins/icon.png","dataSources":["PowerAppsforAdmins"],"dependencies":[],"dependents":[],"parameterHints":{},"parameterHintsV2":{},"isOnPremiseConnection":false,"bypassConsent":false,"dataSets":{},"apiTier":"Standard","isCustomApiConnection":false,"actions":["Get-AdminApps","Set-AdminAppOwner","Set-AppQuarantineState"]},"0efab2f9-bff0-4c7f-a54a-10f3021bc82c":{"id":"4f564636-8ec9-4240-8962-6de9d9f6a631","displayName":"Office 365 Users","iconUri":"https://connectoricons-prod.azureedge.net/releases/v1.0.1587/1.0.1587.2924/office365users/icon.png","dataSources":["Office365Users"],"dependencies":[],"dependents":[],"parameterHints":{},"parameterHintsV2":{},"isOnPremiseConnection":false,"bypassConsent":false,"dataSets":{},"apiTier":"Standard","isCustomApiConnection":false,"actions":["SearchUser"]},"8d941c64-8697-4bac-bdff-0b30206e94bf":{"id":"78f73f09-a195-46d3-a55d-94c20e94c9df","displayName":"Power Platform for Admins","iconUri":"https://connectoricons-prod.azureedge.net/releases/v1.0.1570/1.0.1570.2764/powerplatformforadmins/icon.png","dataSources":["PowerPlatformforAdmins"],"dependencies":[],"dependents":[],"parameterHints":{},"parameterHintsV2":{},"isOnPremiseConnection":false,"bypassConsent":false,"dataSets":{},"apiTier":"Standard","isCustomApiConnection":false,"actions":["Get-AdminEnvironment"]}},"databaseReferences":{},"almMode":"Environment","performanceOptimizationEnabled":true,"canConsumeAppPass":true,"executionRestrictions":{"isTeamsOnly":false,"dataLossPreventionEvaluationResult":{"status":"Compliant","lastEvaluationDate":"2022-07-09T14:24:55.6919077Z","violations":[],"violationsByPolicy":[],"violationErrorMessage":"The app uses the following connectors: shared_powerappsforappmakers."}}},"appType":"ClassicCanvasApp","appComponents":[]}}